,ch1,ch2,ch3,ch4,ch5,ch6,ch7,ch8
0,-0.8751622,-9.1863365,-15.376782,34.391785,-4.6951222,-0.28218076,-10.368597,-1.5607328
1,-48.801876,-8.659161,35.4054,-13.514081,2.7961287,-0.02825015,0.52390635,-2.2204201
2,-102.65637,-0.54230255,30.91542,-22.888178,7.4141836,5.9190807,7.5148506,-0.3690182
3,-60.496983,1.8775766,-19.298698,16.458921,10.231583,6.547809,8.343788,3.8697085
4,51.401035,-5.5468903,-49.840553,26.55626,7.7989235,5.2767906,11.880291,6.402907
5,53.25796,-11.684812,-18.878157,-13.010608,0.13351284,5.5719175,14.694828,5.162515
6,-20.016567,-17.668015,39.607418,-29.337719,-8.321915,0.5982741,5.2296095,0.4637512
7,-85.60722,-24.745863,48.96582,8.788022,-8.276699,-4.0534205,-10.179773,-2.606059
8,-158.4272,-19.651623,-6.657628,25.019855,1.2665468,0.9013635,-17.115477,-0.58504856
9,-119.63844,-7.0380063,-49.217228,-21.381758,6.040074,3.1948156,-7.1801596,4.948222
10,29.5792,-4.440835,-17.10144,-48.889877,3.7238772,0.06273451,10.6547785,6.326069
11,83.985054,-6.728989,39.713028,-2.813855,3.6188264,-1.7349751,16.84597,0.29800934
12,63.525276,0.999141,40.13551,39.44518,6.718937,-6.7829695,7.9187045,-4.697745
13,40.003242,12.637777,-14.368919,7.6229715,7.20949,-9.689098,-3.3442514,-5.577622
14,-33.030384,14.366657,-49.784077,-35.290356,0.22832192,-5.706921,-10.793798,-6.294278
15,-51.28413,12.986473,-13.8062725,-8.273121,-5.3990827,-0.87008655,-9.866332,-8.039878
16,63.31987,14.805803,46.71688,39.181767,-2.4933298,3.9011366,-3.5871985,-6.1162724
17,166.46277,17.290482,47.64162,23.237438,1.9450322,7.378311,0.25361305,-1.4481144
18,170.15012,19.08854,-11.403128,-20.130356,5.457204,10.038351,2.9030106,2.6623392
19,103.628746,14.283872,-48.467964,-11.23399,6.11195,5.3406005,7.0905905,5.612453
20,-6.776165,4.8043895,-13.618789,25.892023,3.7362597,-5.830972,9.322133,6.1255565
21,-44.959164,1.9871256,41.093678,13.569815,-1.0336388,-11.246102,2.7917697,2.0832725
22,1.5000257,1.1292183,41.047504,-32.656708,-8.663253,-9.399575,-5.5553412,-3.8297296
23,8.340103,-6.5841117,-10.999028,-24.841238,-9.242039,-3.3272207,-9.804427,-1.8860219
24,0.3983781,-10.89958,-46.757576,29.878443,-2.1357496,-0.5661309,-8.848512,5.409558
25,41.646935,-11.862313,-21.593603,36.301056,3.0845659,-3.2551038,-0.87498206,8.066191
26,84.75877,-14.519742,27.531862,-10.177281,5.131169,-6.3783274,5.1881275,3.558736
27,18.659845,-9.40818,30.327778,-19.296873,8.934364,-2.819162,1.7653276,-2.09967
28,-122.60579,2.144065,-22.031183,25.492128,10.76743,5.3249435,-1.5543741,-2.301809
29,-153.6361,4.5890183,-57.514496,37.682068,2.3585174,7.19485,3.1785004,0.8262705
30,-119.517494,-5.2289596,-24.125696,-13.546247,-7.015275,9.151588,6.2386518,2.134968
31,-92.600334,-11.65684,32.37705,-44.539547,-7.90738,10.9485,1.5085871,4.0549173
32,-0.6505256,-11.230609,38.753708,-8.839491,-2.334637,3.0148973,-2.0329049,8.671076
33,66.1462,-10.682353,-8.5068655,22.409082,4.1770496,-4.6503453,0.5183785,9.111582
34,34.72252,-6.643618,-39.609512,-5.8046927,4.777514,-3.2361836,2.6871188,4.7157483
35,18.720755,-0.70274496,-5.6780596,-34.635223,0.52277803,1.0261837,3.0559897,-0.68393695
36,69.80034,-1.2457887,48.046562,-3.0384133,-0.54007906,-0.07399998,-2.792952,-1.8766655
37,62.67351,-8.304736,42.3665,28.722845,0.5181189,-5.03579,-13.985244,2.266298
38,-15.866688,-13.4610615,-21.858374,-0.3801462,-1.7782614,-9.952559,-15.033414,-1.63471
39,-29.448618,-7.4152694,-57.5514,-28.716557,-1.7227967,-9.123221,-8.846326,-9.352583
40,-7.033191,10.064717,-19.65614,4.493534,0.84163123,1.0742393,-2.8309245,-6.4946833
41,-17.943699,22.349182,36.350025,43.74833,-1.0254475,9.285328,3.815025,-2.8101327
42,-72.92693,21.799671,40.910034,14.353743,-2.3787777,11.36483,6.608947,-6.698231
43,-117.36346,18.090767,-4.5794706,-34.94637,1.7059673,8.228123,7.691055,-10.958056
44,-40.906677,12.863532,-38.77451,-15.920194,4.2839417,0.20910521,9.757567,-9.394852
45,24.30292,6.110702,-14.510549,31.353586,1.4942563,-6.2088966,8.969,-3.031455
46,-19.12485,1.3584515,31.720572,17.965351,-1.8786728,-8.011923,-1.2339602,0.1204649
47,4.789579,-1.2915214,24.919048,-31.390657,-2.1407976,-0.12256722,-11.413951,-1.1905459
48,99.15725,-4.033728,-26.01143,-28.95904,-3.5205183,7.479925,-5.0512505,0.24147294
49,110.394104,-9.3246765,-47.309143,18.19835,-5.24695,4.3141217,-1.5629461,4.6432757
50,53.92449,-12.687373,-5.793995,25.11563,-5.473362,-2.7073896,-12.260424,5.316417
51,10.629128,-6.3620234,49.414192,-18.910223,-9.515076,-9.43352,-18.95829,1.747896
52,-23.044735,3.7102084,42.6094,-33.239456,-10.313504,-7.561751,-15.357981,0.44774038
53,-16.083904,5.2417336,-18.749594,10.33857,-3.1940832,0.2584755,-4.289272,-0.34800327
54,85.52683,-3.2559476,-51.272545,28.11764,4.2340255,5.3877916,4.4756866,-4.0004673
55,163.84044,-11.449255,-13.996314,-15.74525,7.595275,7.981059,6.988572,-5.6362405
56,121.36832,-16.19283,37.577225,-34.529415,4.814441,5.0919237,10.091456,-3.1417935
57,16.271564,-19.171135,32.10285,14.452532,3.2738955,-0.11839586,15.036242,3.2528458
58,-83.70083,-15.016493,-18.852581,42.43452,10.014802,-2.265332,19.030762,8.6179285
59,-85.426834,-8.709663,-44.22035,-5.161487,13.538073,-4.747149,14.949912,6.6624975
60,-5.431915,-1.6347706,-8.4684925,-43.503582,4.55484,-7.823758,2.5463874,5.2356377
61,20.743597,5.732038,41.07447,-7.8643985,-5.4220915,-6.2550516,-0.63390315,7.091506
62,-0.6063984,8.348186,39.102646,30.895733,-3.2524748,-2.1652792,6.2659383,3.2185826
63,29.283134,8.406001,-10.576449,1.620636,6.1697383,0.75620437,3.9245746,-2.2229114
64,50.62322,8.786999,-39.45631,-33.78861,9.294593,1.3843297,-1.535011,0.25957054
65,35.165432,11.029751,-8.5415325,-4.1551623,0.4177202,-3.8229885,1.273489,3.794091
66,28.438606,9.585987,39.486057,36.349518,-11.078014,-9.420886,0.80790156,0.5708
67,-32.865932,10.260004,43.01222,13.111049,-11.879811,-6.752609,-3.9292774,-0.1422346
68,-90.122765,14.884817,-4.3790526,-32.222298,-5.2397027,-0.17178626,-3.8182569,9.623398
69,-54.846287,11.759684,-42.02641,-17.021488,1.3916453,2.4326327,-4.1387587,16.063276
70,16.709005,8.518087,-21.2584,28.144522,2.0859175,0.84053695,-8.760188,4.9728346
71,15.625699,10.783199,27.852274,16.290863,-5.8456664,1.1599569,-10.243801,-8.58707
72,-37.2978,11.253673,33.175755,-28.805532,-9.978061,3.378454,-7.152313,-8.242291
73,-11.378589,8.809333,-17.505651,-18.255627,-6.2957735,6.7543983,-0.667772,-4.9856033
74,40.860176,5.6267767,-50.04125,31.277472,-0.2579801,10.224415,6.482083,-5.270413
75,50.03077,1.7573646,-19.270094,32.028076,6.814483,4.7269483,5.8463416,-2.7597017
76,49.987476,-0.3909008,28.777124,-12.707864,10.115219,-6.622173,0.35950238,-4.1029205
77,-7.398342,-1.6938047,30.932806,-17.33743,6.5242047,-7.742267,-0.037457727,-8.058679
78,-87.3886,-4.3460026,-13.276368,27.690197,0.9710506,4.9690466,2.5605974,-4.827525
79,-97.77712,-8.334188,-41.966393,35.13573,-1.9955986,17.105707,-0.89886314,-0.41404814
80,-112.26307,-15.708081,-12.92172,-13.483299,-5.92071,16.240591,-4.5785313,0.9927191
81,-87.3454,-21.572876,34.276173,-30.081059,-13.337486,5.8088064,-2.7016842,0.8943948
82,0.22508578,-23.266718,32.762466,10.29624,-15.060372,-6.4517207,2.2152014,0.67603153
83,14.068755,-18.789875,-17.36556,25.81247,-6.2795477,-14.625859,6.322683,1.8418547
84,14.859736,-8.7382,-45.775024,-13.074327,2.5728362,-9.492975,3.87727,1.6764128
85,34.362022,-2.5711007,-10.332048,-36.49301,0.82395667,5.5222,-0.102218464,-0.8149136
86,3.4089775,-1.2626771,43.1064,-1.574269,-5.826575,12.512975,1.4858804,-0.89136773
87,-25.600775,0.08671505,42.079243,33.57987,-2.6047664,5.5477433,8.520205,2.1070502
88,7.2425194,4.588461,-12.710106,4.7934737,5.169144,-4.373372,7.9125023,-0.11076601
89,28.892557,8.703751,-43.624653,-37.146107,1.8649458,-8.285561,-6.822349,-8.135773
90,19.6625,10.94839,-8.012226,-13.319003,-2.529672,-5.2558413,-16.34558,-9.825943
91,38.936802,14.632056,42.3842,30.871016,4.5826993,0.10142014,-5.9644494,-3.3977592
92,5.8421187,16.591892,37.746357,15.185365,12.662991,1.6095566,11.007167,1.4537237
93,-63.530525,13.383472,-17.36904,-26.430733,12.726758,-0.9167297,13.744434,2.9328532
94,-46.954247,7.083922,-50.61525,-17.341616,9.254129,0.9506819,2.0419142,5.330534
95,14.989232,5.1568403,-9.724377,22.97646,5.46553,8.64289,-5.949071,6.139105
96,10.556629,5.7195168,55.68394,15.7119465,1.0820172,5.7144775,-2.5981052,0.33115223
97,-57.729073,0.58614,50.773533,-24.240423,1.1082493,-10.433985,0.010053413,-2.0112114
98,-51.13055,-6.0580654,-18.295422,-15.728986,6.541079,-18.956692,-1.8876456,6.4812183
99,47.854454,-6.4319115,-58.029446,28.212767,11.934643,-12.38038,-0.16766979,12.35525
100,112.081085,-3.8151498,-21.74005,22.343256,8.076333,-4.1826415,5.5907464,3.0358188
101,105.05417,-4.534771,35.77744,-27.990803,-7.4965444,-2.7114282,4.9981384,-5.9502444
102,61.81592,-7.5323796,37.428814,-31.105536,-20.54838,-0.0764326,-2.2972872,-2.0457983
103,64.15968,-10.452985,-12.082567,20.787714,-16.993023,6.8023267,-3.2099757,-1.9381171
104,74.83991,-13.440779,-45.430134,35.71173,-6.442703,8.684954,1.8341169,-4.389163
105,7.1248155,-13.533087,-18.462593,-12.654784,-4.806702,5.3629985,3.378242,2.3502924
106,-12.552241,-7.8496466,31.785444,-38.04912,-4.9347343,2.278095,0.1561827,8.104623
107,46.364334,-5.8839555,29.452248,1.4465221,1.8595358,1.6541536,-6.3965826,6.3564954
108,44.8298,-11.920471,-25.813303,29.396725,10.450922,3.9636595,-10.94251,1.7704387
109,-16.989342,-14.502845,-59.35623,-4.9649982,10.626715,2.7321067,-8.266128,-2.1480224
110,-66.428154,-8.647545,-23.945553,-33.9062,4.1496134,-4.456676,-2.7019024,0.26627535
111,-84.560265,-2.7601957,36.722836,-0.84770554,-0.39915884,-9.742787,2.1464355,5.8754253
112,-65.50337,2.2313266,42.021587,31.102098,-3.9637208,-7.395493,1.8187258,2.9790282
113,-30.295294,13.178673,-13.819133,-3.70978,-3.5172286,2.242318,-2.5738587,-4.7027793
114,-45.873085,25.130995,-55.519356,-43.24517,3.8522923,13.351419,-7.607699,-10.726929
115,-87.604866,29.330978,-26.490934,-10.120387,9.0313425,12.021821,-12.531832,-13.803985
116,-61.066277,23.548103,34.622597,38.821896,5.240723,-1.5521879,-11.050661,-8.75023
117,20.059462,11.7666855,46.844353,19.418589,1.7642883,-8.003577,-5.7125397,-0.45580077
118,50.01466,3.8188195,-1.1637717,-25.820475,7.002503,-0.6635638,0.89399767,6.417248
119,-12.090049,0.91318834,-39.308163,-6.79844,9.910286,6.7907953,6.2432723,10.119809
120,-1.6148405,-4.186867,-10.355362,43.27571,2.9809885,6.034663,5.6415143,4.3480797
121,77.24364,-4.287382,42.939724,25.368176,-3.5841386,4.7510467,6.351214,-8.336848
122,35.703476,5.8468866,38.37319,-29.211063,-6.4806724,1.5200257,8.51694,-18.125988
123,-45.747574,13.228223,-18.296875,-20.236845,-14.488409,-1.7876587,5.0915956,-19.971212
124,-78.28438,6.982709,-46.390682,28.345484,-21.844507,0.027169485,2.7839463,-14.786352
125,-73.317894,-5.3368397,-2.8240974,22.383108,-12.986674,-1.6131005,5.9213676,-6.500032
126,-34.015488,-12.464279,57.218872,-28.32731,0.6851042,-4.540532,8.723629,0.7721915
127,-11.350564,-19.63353,49.52143,-33.28553,6.8511705,-1.6437544,6.145899,7.21713
128,6.8753476,-25.201324,-19.308668,16.259642,10.525368,3.0172002,3.4404635,12.756232
129,0.08196729,-18.064472,-62.165794,30.657175,7.8972845,-0.4873776,6.6569695,14.100061
130,-50.208214,-7.7433553,-24.8419,-14.546313,2.065684,-8.855452,3.217912,9.271561
131,-67.761955,-8.150034,37.726677,-31.939661,-0.0021548274,-7.633466,-10.387369,2.4787326
132,-31.572237,-8.40816,35.46345,10.902875,-2.7364037,-3.7008624,-16.918322,-0.5955369
133,7.1166167,1.0913893,-20.836164,35.77834,-6.4140916,-2.874832,-9.744895,-0.9232272
134,24.688164,6.512509,-51.03641,-1.5966676,-7.1138654,3.8994648,3.018313,-0.96767265
135,50.07107,1.0218524,-13.165274,-36.198063,-7.780311,9.463977,7.1325,0.2795263
136,98.92216,-0.21499401,47.381176,-7.626094,-7.0771756,6.501998,-1.3270186,-0.28272492
137,120.15521,8.008936,46.96474,28.694927,-2.9949331,4.519166,-6.652011,-4.907984
138,73.0592,15.849551,-12.581251,4.5489154,0.74631685,0.21004555,-0.5233375,-7.053473
139,-9.307994,16.418001,-45.7727,-30.583683,6.8166156,-14.270063,7.7677712,-0.63829195
140,-76.6955,9.576679,-10.354616,-3.4692085,10.586334,-15.108201,9.728729,9.579832
141,-54.151833,5.1944637,39.756046,37.002335,7.220498,1.7687165,7.053969,13.22962
142,56.991104,9.264652,33.700867,7.893174,4.0521865,5.431895,0.092508264,6.9071584
143,101.84213,17.54977,-23.635897,-42.81646,2.666159,-0.07994798,-9.326975,1.5922084
144,22.485807,20.384583,-56.460976,-21.404707,2.0894775,2.0018637,-10.914889,4.5569787
145,-40.199886,13.797534,-16.300375,33.694466,-0.580616,6.9158173,-1.8600043,2.9705288
146,-30.095623,3.801288,40.440548,23.158083,-6.2812843,10.913352,9.124822,-4.741915
147,-29.467264,-4.6996074,36.352608,-27.150625,-3.43102,9.918033,13.076098,-6.1749516
148,-45.63832,-8.452549,-16.980976,-21.651127,6.2311387,3.9739463,8.700332,-1.9111822
149,-44.25227,-9.950408,-44.15252,26.43185,7.8583794,-1.1792696,-0.96930313,1.3460929
150,-36.673733,-13.29785,-3.204163,26.9363,1.7667799,-2.37226,-7.954866,3.2969577
151,-29.882832,-15.419948,51.254906,-20.405865,-2.3691893,-2.305474,-10.355147,4.7724338
152,20.788635,-13.846455,44.276928,-26.514753,2.766179,-4.783878,-13.846113,4.2824845
153,104.82325,-10.253661,-14.691471,18.699085,11.329627,-5.280868,-13.982619,-0.039410662
154,106.37807,-7.0598516,-49.430172,26.345568,8.3879385,-1.5202662,-5.37522,-7.1867485
155,24.410015,-4.9824266,-15.982161,-17.307072,-1.8274924,-2.379962,7.248012,-15.3008
156,-62.366264,-5.931283,35.580074,-26.08089,-4.129827,-9.595122,9.767598,-17.269438
157,-112.76904,-11.19324,28.530516,23.610336,-4.051562,-14.9407215,3.4262288,-4.6261005
158,-69.09643,-13.392909,-26.54217,47.869556,-7.549966,-12.350824,-0.23065507,10.408198
159,46.16834,-8.612598,-51.637905,3.824171,-6.833124,-0.8554199,-3.0424972,14.067827
160,125.908806,-4.4518766,-11.173154,-32.313957,-4.091153,3.242572,-4.585653,7.689628
161,78.8815,-4.4415364,47.914734,-1.5560185,0.5072984,-2.3884165,0.22628492,-0.25785723
162,-56.575283,-3.2505744,47.049763,35.482323,6.7161508,-1.1439148,2.0357678,-2.7979145
163,-124.69475,2.1313326,-12.159482,7.6704974,3.7040467,5.880413,-1.8710712,1.1907625
164,-80.84586,8.634493,-43.250492,-35.716785,-2.8039722,8.2291355,0.92085165,7.963736
165,-18.634157,13.715408,-9.205108,-15.144625,-1.2468773,0.83882207,4.801894,11.195838
166,-11.632112,14.6493,38.26804,26.786333,2.0788925,-3.223536,5.8173776,7.8922343
167,-30.898533,12.335777,37.336784,7.805391,-1.0979093,4.8567324,10.172177,-2.7390409
168,3.7468507,15.087497,-13.141989,-38.039165,-8.063707,8.646547,10.358505,-9.311011
169,72.70493,20.481226,-47.95012,-22.561913,-9.280882,5.980641,0.9593166,-3.1545439
170,78.70051,18.28438,-19.633316,25.922993,-2.7602725,4.825333,-5.9633946,4.953081
171,16.23184,10.0922785,29.955868,15.096714,6.6586576,2.3840785,-5.8195186,5.2484007
172,-48.119923,2.2578676,29.119282,-31.015308,10.634736,3.3312984,-6.6437993,1.8885487
173,-61.257076,-0.65268874,-19.8141,-25.64996,4.0654826,6.6701703,-4.9668036,-0.12095502
174,7.3681498,-1.599994,-48.020897,18.788622,-7.204223,5.243313,-2.3827384,-3.7425616
175,88.385475,-7.5434713,-14.563634,21.464535,-9.336208,2.0378602,-6.3290534,-8.58327
176,87.77972,-13.539853,37.773598,-14.922438,-2.246118,-1.6430345,-5.3714876,-6.828537
177,39.5127,-10.851317,38.717403,-15.900743,-3.8601587,-1.7182866,2.6513262,0.44949654
178,-32.92737,-4.297483,-12.74446,23.40887,-7.4517245,6.1944375,7.3614106,2.717837
179,-78.83974,-5.24965,-45.56809,27.960096,-2.8491566,12.230612,7.592823,-0.72402394
180,-15.184238,-10.594453,-6.969675,-19.512379,3.8184974,4.2460365,4.527008,-6.014967
181,48.084915,-16.328075,52.553566,-33.990765,7.531854,-5.801233,0.69242007,-7.765532
182,7.6107736,-21.548414,44.538334,13.390122,5.081055,-5.6957603,-3.7298586,0.335073
183,-18.321186,-20.57993,-24.133205,35.279938,-1.2960453,-8.812678,-7.4063034,11.008741
184,25.780443,-15.070588,-58.746185,-7.8230953,-6.2441926,-9.92752,-8.484856,13.00672
185,66.26131,-2.4043677,-9.656023,-37.13001,-4.855179,0.062049698,-8.886414,7.4050508
186,80.73063,14.234608,52.571526,-0.62949574,-4.68805,3.2098887,-6.1049533,0.77559483
187,46.786465,15.675268,43.186428,36.88178,-5.675392,-5.0797787,2.5053551,-3.861269
188,25.196274,5.466083,-20.34129,13.030059,0.9077827,-7.446937,10.092371,-6.602229
189,19.146248,3.261359,-52.511665,-20.374207,5.819901,-3.6667702,10.145663,-9.234339
190,-41.08918,5.889489,-13.53824,2.2884111,2.5323944,-4.523485,6.9740047,-11.757298
191,-104.03256,7.644245,40.26924,32.51342,2.0476897,-2.4752135,7.285741,-11.551134
192,-112.30435,13.795353,37.87343,-1.0004691,6.7069716,3.5432136,8.82275,-6.404888
193,-33.654766,20.869394,-16.506187,-46.97626,3.1115367,3.3600113,3.6265814,2.5545497
194,48.428627,23.562128,-53.137882,-21.808184,-3.2144766,-2.449256,-5.1498413,10.009038
195,55.36858,20.345022,-18.360107,35.342854,0.32328174,-7.7883782,-7.440908,10.688973
196,52.222805,11.607524,45.71148,27.136286,4.4068937,-7.8968716,-1.6857569,3.7332342
197,58.652905,0.33768162,47.207397,-27.218616,1.1552025,-1.2862067,4.163332,-2.7695518
198,32.002663,-9.521188,-21.043413,-28.546127,-1.8245431,5.737229,4.751261,-4.004709
199,14.335077,-15.565464,-62.807793,13.358179,-0.16311572,5.4435954,1.2872407,-2.9965231
200,-6.0814366,-17.381731,-24.107754,13.397914,5.264991,2.3452978,-2.5132413,-2.0531664
201,-61.18322,-16.127542,32.064407,-28.107956,14.446035,1.9125503,-2.3567214,-3.6451383
202,-43.10135,-13.767079,31.821463,-27.425764,16.712856,-0.60937303,0.7830696,-2.5407693
203,-2.324756,-11.894843,-22.071772,25.694435,6.8941526,-7.8379383,2.9383056,1.6835576
204,0.6888641,-10.75812,-55.097878,36.574398,-3.8295248,-13.400947,2.0652478,4.5311217
205,18.36939,-7.1976786,-14.640989,-17.51501,-10.017127,-11.508386,-0.7773645,2.4385905
206,-11.836218,-2.8412383,48.982437,-38.52121,-10.892906,-0.8311399,-1.3388345,-5.645123
207,-68.357414,1.6604044,50.768932,10.895906,-3.9727366,13.223205,-0.19163641,-7.1458225
208,-84.83525,4.3547206,-7.6154203,37.598206,5.3664775,19.300138,-2.7988367,-1.5618069
209,-77.18355,-0.20600976,-43.09788,-4.7977924,7.6242456,14.481642,-8.040397,-0.9147286
210,-38.967407,-5.9434834,-11.723113,-31.566942,2.721295,6.895306,-9.490469,-4.2527213
211,18.850142,-4.425345,39.567493,11.143772,-2.9852633,2.2708488,-2.8018413,-2.7727137
212,45.552616,1.5882893,38.76274,45.087368,-7.082593,-1.2000561,7.776462,4.478408
213,16.962416,5.0909815,-14.997069,7.783188,-10.177402,1.3418614,12.170447,13.159537
214,-9.132994,8.561384,-47.53876,-35.89199,-9.091826,9.913789,7.1011124,17.372784
215,18.137175,12.172891,-16.654713,-14.507986,-2.141294,11.923254,-0.45552698,15.891734
216,46.23223,10.2566595,32.927433,25.98083,2.3068335,8.34247,-5.9391737,11.881541
217,45.967728,8.807775,34.53281,9.69655,-0.25203198,5.734566,-9.7986355,4.047854
218,34.534245,13.107622,-16.045168,-26.059515,-2.9436035,0.07262504,-11.352579,-1.5933306
219,7.0802364,18.137995,-46.562866,-7.091503,-3.1257904,-8.686998,-10.038492,-3.9294999
220,4.3674455,17.183577,-5.8127794,33.615322,0.16739014,-13.580638,-5.4664288,-10.196461
221,32.070225,9.465368,51.85227,18.509447,9.482283,-11.319637,-1.1868429,-11.681429
222,39.353596,2.2988267,43.07187,-34.152477,10.777251,-4.102256,-1.3218893,-1.8282928
223,13.101037,-4.1565027,-21.68133,-36.883778,-2.8883357,3.0947473,-1.7313019,4.895825
224,18.895535,-10.844941,-59.008575,13.543839,-12.9333,1.4767867,-1.5888625,-0.29590958
225,54.655685,-8.878857,-24.477503,25.811657,-8.640648,-10.484162,-4.128263,-6.383835
226,31.662086,-2.6961658,35.125828,-20.82204,2.1505668,-16.29001,-3.4369776,-5.860544
227,-7.6273384,-3.260096,41.966972,-33.872288,7.3241296,-7.81354,4.2632346,-1.6842396
228,-63.74667,-8.855299,-10.099802,16.358414,6.9031024,-0.42631418,11.951069,5.0152636
229,-139.27599,-16.611032,-48.544273,37.651665,4.3474054,-4.0315676,11.478137,10.317233
230,-110.18754,-18.698284,-19.363739,-3.3459995,-1.4795204,-4.8972397,5.027166,6.817631
231,-19.867525,-8.3004875,38.053825,-25.770515,-2.781732,2.505208,6.347371,-0.37644857
232,-0.44767582,-0.64929223,45.45891,12.95838,0.6770106,2.6945221,14.865346,-4.202766
233,1.4351796,-8.30368,-5.7044044,37.539856,-0.15070875,-5.9875298,17.079697,-7.5993524
234,24.125282,-20.07502,-41.002617,-8.626072,-1.8263263,-8.536378,10.99291,-8.763314
235,-41.834366,-18.76535,-11.188681,-43.96602,2.415928,-3.0287576,0.08176793,-6.6410313
236,-130.83727,-1.4092997,40.408085,-2.4525177,11.5087185,1.0592731,-10.484443,-4.314645
237,-102.3702,13.344545,45.72191,35.897404,15.589853,5.7327695,-19.871637,-1.852416
238,7.9961925,9.49038,-5.101622,5.524771,8.92324,11.1744585,-19.730495,1.3473926
239,74.93181,4.561564,-43.80739,-27.160372,-0.16678965,9.2369585,-7.2942324,2.982521
240,2.915805,10.795791,-15.552647,3.665505,-5.7418,4.7999907,-0.37276104,3.9323928
241,-64.1482,11.761258,35.862087,48.28982,-7.4967985,5.025398,2.0390973,7.4742613
242,-12.573064,10.518789,33.64694,28.562511,-6.2168994,5.4737144,10.023311,5.380904
243,69.586174,14.846796,-25.448874,-20.382158,-5.042054,4.726151,16.136536,-2.5004287
244,102.89621,15.641657,-60.991394,-16.05228,-8.394665,1.7356923,9.996004,-6.473321
245,64.12239,10.546843,-23.194029,18.386461,-10.228481,-4.989273,-3.6753256,-9.593852
246,35.040836,5.5475407,34.533573,3.754488,-3.1803093,-9.303997,-10.363259,-11.007069
247,2.5175686,4.3274336,34.175343,-38.533665,3.3949282,-6.5618954,-4.851009,-5.082433
248,-45.390083,2.3985412,-19.638496,-22.169191,6.222627,0.24635804,2.847714,3.2198787
249,9.6547365,1.4658892,-48.434235,28.029482,4.531787,1.9370027,3.2892742,4.1747346
250,118.41694,2.4117815,-11.811786,20.915642,-2.6405935,-1.5048907,-0.18802752,-1.4267426
251,167.85246,-1.8270557,41.960632,-29.29753,-2.9749134,-3.144586,-5.3587317,-2.0544817
252,106.86584,-11.26618,41.97741,-35.138145,-1.3163594,-3.1879537,-9.741162,4.374622
253,-1.8217347,-20.74989,-14.147594,14.369927,-7.9652314,1.9763113,-4.7790804,8.518069
254,-36.383907,-19.800873,-53.934196,31.031841,-9.158777,7.3506866,7.3396463,2.142991
255,-54.52029,-14.336274,-22.649822,-18.461866,-2.5604954,5.3207164,11.121152,-9.698813
256,-106.28821,-14.340169,40.08058,-43.993477,1.8029596,3.2518384,1.5841182,-15.02613
257,-112.23846,-8.595735,49.157444,0.71260965,8.152686,0.6245594,-6.9213734,-7.253198
258,-57.65577,-1.4892727,-5.85395,34.225723,12.212871,-5.659509,-5.339862,9.67029
259,-8.69795,-5.3118467,-46.37893,0.09520461,5.1762524,-7.9150796,-1.2303914,16.75366
260,28.935915,-11.886816,-14.398632,-30.115856,-3.1459587,-0.9488552,-3.3472462,11.942276
261,51.59288,-10.903229,45.605854,6.3349586,-5.150431,7.998019,-9.5998,6.064425
262,-5.778571,-5.236416,46.559002,41.07407,-6.427905,10.049714,-9.361391,-4.1288157
263,-64.758415,3.6331024,-14.189445,4.686292,-6.3852158,2.8179278,-3.1989717,-11.099572
264,-14.419348,13.426586,-51.50755,-38.154144,-0.59183,-5.3885674,3.1154938,-5.7159023
265,24.473555,16.243364,-14.610835,-7.4487777,2.9299383,-3.9907792,9.144808,2.8726811
266,11.764856,18.249912,43.04757,39.194107,-0.09298253,0.06836963,5.9928036,4.6877656
267,61.97825,18.805712,37.261288,18.633133,-4.0565357,0.92286223,-0.72386676,1.8039792
268,113.935616,15.419346,-24.91445,-21.559057,-6.274025,6.3248057,1.6954165,1.4596926
269,40.044125,16.53719,-58.01241,-1.8299496,-4.890355,10.014355,4.810674,2.5446496
270,-62.013557,16.790749,-19.202232,37.88268,-4.047518,2.9969018,2.9060862,4.775204
271,-61.664894,10.923617,43.74198,16.635386,-3.78812,-0.25073805,-0.71109086,7.118681
272,-28.391218,3.944761,47.476116,-32.026634,2.0798604,7.1601095,-1.4815282,2.6148627
273,-38.14076,-0.9558671,-11.903917,-21.794758,7.909307,11.385238,1.9949205,-5.8668914
274,-56.129395,-3.226127,-45.865963,27.848108,9.401074,4.111049,3.5914874,-9.043944
275,-44.337723,-6.8995333,-11.214593,25.62275,7.087314,-7.483266,1.7754794,-1.5908357
276,-22.46517,-12.8418,37.87515,-29.059084,3.8410459,-9.419248,-2.0447323,8.480641
277,-12.9502125,-11.024038,34.83392,-43.25851,6.2025805,-1.7586244,-3.6825,5.55534
278,0.09705268,-3.0146244,-17.021118,4.496402,9.871227,0.46114442,0.355883,-7.940603
279,50.869686,-5.486939,-45.330383,24.774975,15.1981735,-2.709984,3.043559,-12.745311
280,75.79102,-13.651447,-11.572296,-15.708312,18.595472,-4.411702,-1.3475511,-0.09987814
281,33.1229,-16.766884,37.90372,-33.47817,6.174869,-6.8584566,-6.514172,11.870298
282,20.732746,-20.252815,39.66536,8.737639,-16.381868,-6.851807,-5.565068,6.0826654
283,17.654524,-21.332489,-14.387636,36.9754,-25.967989,-3.421252,-5.785631,-2.6703455
284,-48.72975,-15.234826,-52.79516,4.1683373,-10.021809,-1.7831769,-5.7550616,-0.06940794
285,-43.742832,-5.4134645,-21.39865,-28.326912,9.131419,-1.0261638,2.9172482,0.6502998
286,35.76533,4.912176,33.566483,-4.550779,8.830955,2.9408104,6.641904,-2.924934
287,29.733686,10.598361,35.195038,23.204086,-0.31934923,3.4749916,-0.25228286,1.7537653
288,9.493095,11.922887,-17.675734,-0.63209283,-6.2797756,-3.832647,-0.64677763,10.374849
289,15.592859,13.227295,-48.929443,-24.50803,-9.431952,-10.036651,7.6502647,9.329227
290,-6.575596,11.622395,-15.32013,5.156018,-6.711156,-12.024758,10.160452,0.87231314
291,-35.851665,10.019107,39.48903,33.912907,-3.0389774,-4.927241,4.091075,-2.1252735
292,-66.3108,12.634184,40.083103,0.3506366,-5.291855,9.464338,-2.1890042,-2.739386
293,-69.50068,13.136479,-17.406359,-45.86415,-5.9710116,17.683199,-2.8056183,-7.0774164
294,-12.475857,7.8651876,-52.829166,-26.06237,-4.2694583,16.466637,0.60473824,-10.963946
295,45.7507,7.8116426,-16.08774,29.96245,0.23242073,9.281334,5.114314,-5.7093186
296,10.383191,15.73714,45.513813,30.469532,7.9924717,-0.5574609,9.252193,3.9046762
297,-50.578495,15.0537195,48.420547,-16.684374,6.767321,-13.33441,7.043558,4.909917
298,-39.151302,4.0563784,-11.202159,-19.299263,0.0038514582,-21.61345,1.2313608,0.3580758
299,36.298485,-4.05378,-48.51263,24.047022,1.6028868,-15.51671,-0.9807052,-3.9792583
300,117.645706,-7.823239,-11.108798,26.880756,10.35845,0.75176597,-3.4517598,-6.282444
301,81.96897,-8.054204,46.913834,-19.53467,13.812445,12.306618,-4.4568224,-5.2860107
302,-12.023722,-6.0202,46.021557,-32.5078,7.6343603,9.061147,-0.43914014,1.3756578
303,-11.793071,-8.569389,-9.255126,6.530944,-0.64455575,-1.2132617,3.1273665,8.244465
304,38.601437,-15.434499,-45.595524,22.782183,-7.222851,-2.7881122,5.625595,6.8867874
305,66.070015,-21.065231,-16.72076,-10.965033,-9.924041,0.41790718,8.302768,3.4207523
306,68.31785,-18.300177,39.28828,-26.68132,-7.8284364,-1.6576357,3.9607744,2.066301
307,85.2822,-6.259536,44.31693,16.809685,-3.8276532,-0.3758821,-8.368528,0.8054561
308,112.12333,1.0900589,-12.906047,46.524796,-2.1480508,4.4162226,-17.103127,-4.216899
309,66.23833,-1.3504486,-53.240143,4.1991343,-4.5924835,1.6959499,-15.195819,-14.45781
310,-22.986439,-3.7000356,-21.892532,-38.439117,-7.029577,-7.8697,-3.4066403,-15.534197
311,-74.79077,-2.6992226,35.103252,-13.906022,-2.5638144,-12.047882,6.0537806,-4.3794327
312,-79.10506,3.4024801,40.370537,23.935427,7.7640724,-4.8137603,3.3703804,6.1474557
313,-71.19028,11.597976,-9.944966,6.466157,12.0789795,2.3980017,-6.3638725,9.534102
314,-70.40949,15.001038,-47.278538,-24.184584,5.5184064,-0.7536628,-12.897234,7.7577314
315,-56.020275,15.774779,-25.58959,3.0386908,-3.8600101,-3.820227,-8.972378,5.898279
316,-77.239296,14.566216,21.180315,45.223698,-7.06263,1.588362,-6.1781297,3.749313
317,-110.95128,10.769047,22.84917,21.483902,-1.4474412,5.8258286,-9.433204,1.5820982
318,-95.583786,7.7080765,-24.552353,-31.700438,5.9086194,4.462511,-3.9660156,-3.3948464
319,-46.286884,6.3508973,-51.0759,-23.912851,6.475745,4.207579,7.7063384,-10.577051
320,-6.9228673,7.4334726,-17.066792,20.864359,-0.54552907,4.9287944,14.030791,-12.009396
321,-15.088084,9.175695,33.011345,11.604274,-9.075846,4.264553,14.347748,-5.761544
322,-8.469553,7.5894094,35.934242,-32.076828,-9.20289,1.6296893,10.0387125,1.6834152
323,1.3983964,2.2998464,-7.405988,-17.66544,1.4442428,-6.1089845,4.2069507,4.096186
324,-13.680143,-4.9568057,-39.17202,37.434757,9.349384,-7.5119905,-1.1926742,2.4584265
325,-7.314511,-7.716268,-9.68275,34.870377,7.0036016,-0.1011376,-1.7570666,0.914142
326,-7.175218,-6.7309,47.513416,-20.899836,2.1109233,1.8125763,3.9579303,4.4661837
327,-12.802424,-9.975401,46.01834,-28.890957,-2.1801324,0.40451142,4.734477,6.2686124
328,12.539276,-10.3079,-17.050127,20.074224,0.22223082,-0.018033896,-1.202657,0.6480928
329,33.090233,-8.625218,-55.593346,28.614368,9.3665085,-3.4521508,-1.1677881,0.17321225
330,50.172287,-17.864569,-21.259869,-21.37689,9.631011,-2.4274201,3.8343277,2.807981
331,90.16772,-26.129839,36.104664,-39.201904,1.710083,6.8713036,3.3619728,-5.8368363
332,119.88117,-27.42807,42.056484,7.638913,-1.60868,6.3726277,0.60587883,-15.553458
333,134.77649,-28.970407,-6.1782837,34.609665,1.0502697,-0.98488736,-3.3446107,-9.489204
334,79.892586,-21.735834,-42.623264,-5.285548,2.6981914,2.9305437,-6.8217983,3.27755
335,-54.762768,-4.3787303,-17.469849,-38.266533,-0.12327486,6.9174376,-4.533222,8.797434
336,-118.68977,8.209718,35.147697,-8.563901,-3.1146042,4.7533913,-1.7068124,7.6791964
337,-77.57111,9.617948,37.72602,22.953737,-4.678829,2.2780852,0.094606176,6.2798185
338,13.26978,11.055655,-12.732093,-2.4938533,-0.7193006,-0.93783855,-1.4784313,3.2054634
339,121.0583,11.749812,-39.612442,-33.145348,6.7601595,-2.3087814,-4.677376,-5.413379
340,104.28017,5.708245,-8.651325,-6.180865,5.7408123,-0.22463518,-3.4500701,-9.959729
341,-20.10481,6.44062,34.940117,35.2287,-3.1045222,3.9380136,-1.0490699,-2.5100832
342,-11.839363,14.197535,32.127575,15.998021,-8.541091,4.2928424,4.8395934,9.355729
343,36.289772,18.644316,-19.530954,-31.265192,-6.261523,2.095508,12.131215,9.390844
344,-56.542007,19.89035,-47.990765,-18.88036,0.25192788,3.5563135,8.154718,0.97907376
345,-95.84609,18.791592,-4.039965,31.283329,7.490325,6.8732133,-2.8317678,-2.5860934
346,-42.870914,15.272229,56.60383,24.772968,8.043733,5.4371777,-4.442593,-5.5626554
347,-51.231915,8.610795,54.333275,-29.79688,0.6670691,-4.825248,-0.07530963,-4.3633666
348,-75.285255,-0.3925231,-5.7599926,-38.8593,-6.8950477,-12.610843,-2.6590397,6.3564563
349,-48.05998,-5.813406,-43.893547,6.1774263,-12.438428,-8.417763,-9.945678,11.014832
350,8.315347,-4.3683147,-19.69981,18.926767,-16.515266,0.9122514,-15.260402,5.412447
351,58.039413,-6.5262475,22.350676,-17.727531,-14.8773155,3.9987047,-15.231351,1.4431925
352,57.544876,-13.283508,25.530962,-21.10057,-3.1166155,0.7303442,-6.7420917,-0.77028024
353,-9.0563545,-13.508474,-17.008474,22.035524,8.163526,2.485509,6.561887,-0.5848021
354,-66.246284,-7.0060344,-46.83931,28.749813,6.9113126,6.7571573,11.044803,1.9314042
355,-66.031555,-2.408837,-19.262304,-13.800699,4.595796,3.3258758,-0.3080307,0.4948771
356,-53.930378,-6.558699,28.131527,-24.170782,5.0484514,-6.3425565,-4.322277,-3.4469035
357,-27.28609,-11.203926,30.778837,22.195524,-1.0722902,-13.056056,7.628483,-0.8068711
358,34.976776,-8.0649805,-21.368952,45.886982,-2.6126902,-11.494426,8.702502,6.911739
359,55.381866,-3.7025058,-54.53448,2.4222188,3.8030624,-3.2332373,-0.5073696,9.708573
360,8.113244,1.2726177,-14.428422,-28.75398,0.17468306,6.182776,-1.1989883,3.8145654
361,2.7563984,9.490566,45.500404,8.976903,-8.614389,10.167536,-0.5641003,-9.630007
362,20.064657,10.666698,48.154907,35.33307,-7.219342,5.8238177,-4.09927,-14.177819
363,12.028984,4.082869,-8.304925,-6.6513333,-5.2311387,-2.4805558,-1.0571193,-1.7993383
364,35.722546,1.0486748,-45.536617,-44.247807,-7.9289684,-7.1240015,1.2330064,8.829011
365,51.3637,3.3660867,-9.28467,-10.604974,-5.5467906,-10.112013,-2.5314848,5.904006
366,-8.939166,8.626234,47.226833,33.583195,3.1173332,-11.420697,-0.9011666,0.56827825
367,-115.672516,11.977666,42.8494,6.805501,14.351462,-8.34652,3.875311,0.05172826
368,-123.10334,10.391373,-18.19426,-35.01753,20.11116,-6.422613,4.448059,-5.9489613
369,-1.2459604,11.275625,-57.015423,-10.89051,11.465242,-6.6305113,5.1440554,-12.778255
370,117.86524,13.846384,-22.181494,31.039679,1.8892199,-6.285066,7.210902,-9.663687
371,163.65805,9.568843,40.592014,17.615866,0.7075558,-3.2091517,4.5819316,-3.8649416
372,98.8996,1.8449407,46.912525,-19.717403,-6.8566036,0.7860287,-0.9247485,1.6607417
373,-5.69878,-2.0215888,-6.41087,-8.891054,-17.4971,0.7137071,-0.17076133,5.599241
374,-13.119142,-3.597841,-42.706146,36.819183,-11.758936,1.0860502,7.6551824,4.926642
375,52.209476,-4.523742,-12.934582,39.611374,4.6422057,8.578539,8.93112,2.2401214
376,104.24834,-5.225303,39.97868,-5.945006,6.2675385,17.192118,2.0540404,0.2291891
377,77.998566,-7.5615973,37.39917,-21.631948,-1.8446242,17.938284,1.7117273,2.1737137
378,-20.494434,-6.431716,-24.10602,11.876536,-0.9937834,10.505939,7.9940357,2.2463
379,-100.571,-7.9013557,-62.373947,18.269133,2.1094587,0.43067515,7.7117047,-4.7380843
380,-138.1405,-18.390633,-21.431442,-26.499132,-0.21235462,-2.011203,-1.100686,-10.201516
381,-134.18396,-28.415257,43.11632,-41.737957,-5.079277,2.913943,-3.3960044,-8.300069
382,-82.437775,-30.898884,42.77536,2.44932,-6.0417852,6.1386065,5.6882086,-3.5904665
383,-2.369775,-17.974312,-15.893711,29.936646,-1.4974246,6.7371387,7.267683,-1.2676594
384,59.941906,-3.6146264,-48.47755,-5.8044724,3.1907413,6.100922,-1.8923681,0.014126762
385,87.77567,-6.3441443,-11.582604,-38.61964,3.2513876,4.4131236,-5.030315,-1.5032872
386,85.45548,-7.3079004,42.85216,-7.5066915,2.580307,2.0068312,-2.43203,-7.381182
387,20.638008,4.2469215,42.680492,24.088196,8.212555,-1.6205789,-5.415107,-5.459799
388,-80.871284,17.167297,-11.370999,-5.354072,11.725161,-5.7368164,-6.671508,5.1054716
389,-99.4897,22.700697,-48.50965,-34.254757,8.052486,-6.0641675,-2.7753582,12.228163
390,-19.803354,17.034046,-20.552406,1.7615051,2.9420385,-3.7617884,-6.877315,14.666712
391,43.824436,12.96306,30.52066,44.07163,-5.2087474,0.4515681,-8.743844,8.759384
392,69.53948,19.804028,26.831396,17.017405,-12.707745,3.921102,-2.4268188,-1.9681419
393,4.1635685,26.426609,-30.19291,-32.79623,-9.983414,-2.665245,-3.1906812,0.01658522
394,-112.325134,21.645573,-54.41612,-20.707987,0.518043,-12.816655,-5.8268065,7.4593205
395,-146.99799,11.578155,-7.6805634,26.785109,4.6147003,-16.707775,-1.9123904,6.152712
396,-150.20763,3.2376254,48.727993,20.878334,4.8024507,-14.505818,1.6315982,4.424417
397,-60.235382,-3.6809478,44.36807,-25.91512,9.202236,-6.157136,0.5891512,0.49872234
398,88.2857,-3.5609603,-10.142526,-24.530045,5.1934733,3.7734504,-0.9886115,-6.5891643
399,101.26138,-3.8371704,-39.231853,21.676105,-5.2866974,9.366783,0.23906675,-5.4944224
400,69.7328,-11.883347,-1.0779036,21.373852,-8.070734,10.838159,3.0861244,1.4246502
401,94.81179,-15.295341,53.40739,-25.965816,-3.6278095,10.695736,1.2709004,4.40398
402,64.67117,-11.517765,41.849224,-26.214502,4.2972336,10.529547,-7.071697,0.04535481
403,-11.442408,-10.846746,-27.407393,23.274563,8.852281,7.2028146,-8.515339,-5.8764863
404,-13.491008,-13.938601,-61.06833,30.420906,6.054389,1.3238932,-3.0499487,-9.78596
405,28.830229,-16.10976,-13.973144,-19.220762,0.98819584,-0.50889915,0.4195251,-12.016793
406,38.476597,-14.345147,48.952785,-37.861176,-4.538424,1.2348887,2.638658,-5.955428
407,50.292435,-10.931038,47.29646,7.7752924,-9.570365,0.62602204,-1.755684,7.573029
408,112.180664,-9.468439,-10.701865,35.359684,-10.944192,-3.5892003,-6.8447833,12.347302
409,106.17262,-9.397549,-51.161774,-2.0931854,-8.014282,-7.6534953,-0.7362511,7.101233
410,-22.14234,-10.816348,-25.342615,-30.62512,-0.4757357,-11.435634,8.841015,1.7308946
411,-102.4522,-7.0743194,30.981478,2.5548825,6.0245,-10.741568,11.018246,-3.1788218
412,-51.57361,2.933956,39.56037,36.176456,5.5969386,3.4811895,5.5754642,-7.241149
413,56.940933,12.193738,-13.896097,8.09975,5.0355186,18.145603,2.5266726,-6.983462
414,108.41754,20.01022,-51.78911,-29.461668,4.378243,8.643028,2.9157164,-2.535265
415,39.380524,25.660458,-13.290011,-3.500775,-2.545897,-12.010816,-0.7885738,-0.5389425
416,-54.61182,26.129198,47.128883,34.181423,-8.344755,-14.497209,-5.440787,2.9208894
417,-47.751816,23.418196,40.024975,9.08755,-7.835881,-6.056889,-9.145397,8.034893
418,15.540524,21.21109,-25.28715,-32.28198,-5.0518193,-1.7679777,-3.8986645,7.586689
419,49.476784,16.40135,-60.400417,-16.597424,-4.08873,0.442016,11.386459,7.175782
420,57.403507,11.919359,-19.788448,27.159977,0.13134673,2.1221888,21.020462,4.0054617
421,13.871152,10.525567,39.51831,19.221712,8.9826765,-0.8991566,17.501778,-0.8007104
422,-80.18378,0.39436394,38.45379,-30.848816,13.077211,-6.1759367,2.0618727,0.93181944
423,-140.38239,-14.774168,-14.001124,-34.092476,12.328628,-1.7044592,-10.683626,-0.30303025
424,-90.981735,-16.776264,-42.771725,13.780343,8.99606,5.1678042,-13.07671,-6.32928
425,5.864138,-10.670052,-9.538128,23.761486,4.104353,0.7073558,-12.372213,-6.3189664
426,38.781803,-10.921782,45.54506,-12.845429,-2.5385563,-4.554963,-4.0852904,-3.4133801
427,30.848295,-12.400777,48.61088,-16.958485,-9.383804,2.6547127,9.054456,-4.931899
428,17.39694,-10.987928,-8.600941,21.51456,-8.366607,13.6370325,8.62687,-5.0974574
429,-21.859985,-12.390677,-50.3175,29.88278,-4.705057,13.121047,-2.5980844,-1.6884456
430,-26.170675,-13.446726,-23.272997,-13.701407,-5.306399,5.883181,-5.9411774,1.4869318
431,-2.3167732,-14.645575,34.81371,-33.87316,-3.4220793,1.0135194,-1.6196533,2.5818756
432,-64.74033,-16.951504,39.637154,9.291748,-0.31989545,0.024544885,-0.83967924,-0.2743537
433,-104.91777,-10.4443865,-21.458101,36.959846,2.7606769,1.5596392,-3.5113869,-2.4578786
434,-11.641687,-0.18593465,-59.30128,-7.8252077,8.102963,-1.0713408,-4.012381,-3.1554992
435,51.181217,3.163662,-16.85646,-46.43844,6.045837,-8.433135,-0.029729977,-6.2745495
436,49.619225,4.6170745,45.500305,-4.9139085,2.6536095,-13.82375,3.5532737,-4.1079955
437,56.878708,5.6844153,42.946346,43.73456,8.831772,-12.821794,4.322676,0.2378601
438,-2.979428,7.442775,-18.280487,16.423471,10.284453,-2.4244814,4.3619733,-1.7433251
439,-67.464325,11.783885,-56.24583,-24.565357,-1.4813522,13.368673,-3.278522,-1.1655761
440,-66.28989,14.872663,-17.418613,-2.7790911,-10.255088,15.107354,-11.463249,1.7354506
441,-39.42535,15.930209,46.186012,34.07105,-5.5319138,2.72271,-6.4712863,5.4494157
442,36.42877,13.02287,42.571026,13.437986,2.9762661,2.0694597,0.54295844,11.185441
443,95.615074,7.110164,-20.234808,-30.373247,6.6152916,5.575116,-1.4716593,10.416806
444,115.777176,2.7120447,-53.606453,-16.91842,7.62732,-3.3990102,-4.706691,6.8283954
445,98.194305,3.2583256,-17.834688,32.143795,9.246756,-8.347067,-5.0036893,2.876154
446,-4.7350287,7.2404747,38.53449,32.045094,5.057261,-5.152937,-5.2819686,-3.6418622
447,-56.596107,7.2775254,41.92081,-18.18146,-4.8806033,-3.7900155,-3.7566073,0.110666685
448,4.413767,3.5547118,-12.260492,-30.019192,-11.9981575,1.005873,-2.9379606,10.983673
449,-23.557323,1.1198572,-46.489723,15.111769,-16.238462,9.239658,-2.7206657,9.319572
450,-126.338165,-1.114734,-11.812166,22.603865,-14.418812,7.3703403,-1.2582905,-3.1069665
451,-73.84341,-3.059332,46.096016,-25.376078,-2.7466166,-2.3433938,-5.2687297,-9.672568
452,35.154083,-3.608318,47.899128,-35.380726,7.1734686,-6.148661,-6.781584,-3.4224727
453,41.38715,-10.553717,-13.996762,12.348259,6.521197,-1.2878139,4.431305,-0.39271763
454,5.2458577,-20.448833,-53.832764,29.43951,-0.11396482,6.0078483,13.640651,-14.772918
455,-12.572703,-20.823956,-16.050222,-15.579099,-3.1807823,6.187014,12.35653,-27.337046
456,-43.08386,-16.473612,45.4084,-35.909077,-2.141546,1.9586405,11.961482,-19.34163
457,-42.014465,-11.072213,46.626213,10.275448,-3.4339309,2.7801197,10.457785,-0.74047685
458,57.615715,-4.6518683,-13.637922,33.87829,-2.3218267,2.6077223,4.7452226,9.843583
459,103.08094,-3.5806828,-53.954395,-13.005005,0.20042965,-1.8165652,2.6898787,7.5642877
460,13.270791,-3.8048506,-21.454023,-44.71867,-1.1559442,-2.5894458,-0.509186,1.3111005
461,-97.2821,2.2367556,34.142414,-8.524625,-1.9689459,-3.5263357,-5.60687,-3.3137128
462,-127.85983,10.533514,32.70983,26.680716,-4.423928,-7.3660183,-1.9055212,-3.242162
463,-46.310093,14.761851,-17.729864,2.8978746,-6.244685,-12.743613,5.3403783,0.65671515
464,81.62213,16.655767,-42.262882,-24.243448,1.746677,-14.629226,-0.8589013,5.3320036
465,137.04506,17.040672,-6.43749,8.259232,8.285709,-4.8176284,-11.770574,9.683846
466,119.924484,12.768948,46.079613,48.979744,2.8484004,3.37097,-8.0434065,10.672402
467,93.73057,7.188402,47.253784,25.335075,-2.517638,-1.1447438,2.2683973,14.441639
468,14.339954,3.262936,-7.1586137,-23.386663,-2.762695,-7.1501684,8.678068,16.23279
469,-81.09571,1.2984716,-47.92223,-15.105516,-1.0433289,-6.9975104,13.044963,8.6679535
470,-101.04799,1.262332,-21.031897,27.6244,5.511631,-3.3389397,14.977546,2.9248607
471,-88.79039,5.4503217,37.944283,20.588577,12.0934305,0.51419246,12.566454,1.1877987
472,-47.13648,12.606842,40.775505,-23.625542,5.308195,2.8483984,2.5179827,0.641119
473,1.7366678,10.230956,-22.438879,-20.249123,-11.767641,5.902402,-10.545603,3.5565112
474,-0.76843864,-2.94766,-60.68458,21.985058,-14.322693,10.373891,-13.958296,7.832349
475,-3.3484828,-15.153331,-22.26028,17.806105,2.089121,12.103561,-7.782954,6.503731
476,45.10343,-16.772362,38.106728,-30.927475,13.816797,6.079758,-2.443581,-1.9251854
477,75.01778,-10.825058,39.68287,-38.743042,13.06905,-3.838026,-1.655222,-7.5668235
478,30.394297,-10.58209,-20.40318,7.9277344,6.23885,-1.6004926,1.2984632,-6.2779465
479,2.778386,-13.4940605,-55.974754,25.998884,-5.06803,10.695677,5.062388,-5.984858
480,33.159924,-12.130334,-12.617123,-13.39092,-9.349202,11.211481,2.4824822,-7.619954
481,48.80602,-12.147448,50.620426,-31.127493,-3.726996,-0.97125626,1.242304,-2.8343296
482,48.441536,-13.431953,48.45256,11.453153,-3.1983998,-9.284446,2.6905267,3.4844313
483,86.2978,-10.984906,-10.877952,40.340256,-5.665357,-6.5283794,-0.5055698,1.6652666
484,105.13242,-4.989533,-46.10553,6.484812,-3.0431268,-2.3828285,-4.0007424,-6.149605
485,34.086582,0.34328067,-14.788943,-25.539467,-0.8033388,-2.0608706,-3.9621503,-13.630426
486,-79.71981,4.0955544,36.682182,5.5448394,-3.0247748,0.047170747,-3.1006765,-10.887609
487,-164.28702,7.2737846,33.836063,39.059338,-7.527024,-1.6531593,-2.0057533,-1.184192
488,-170.66261,8.5309305,-18.930893,2.717766,-6.5392933,-5.376479,-2.7730803,2.501915
489,-107.22774,10.229942,-44.122326,-43.277023,2.7297025,-2.1961288,-2.9368286,-0.8671793
490,-39.4338,13.524842,-8.395602,-17.838638,6.439383,3.9630558,0.029513568,-10.366432
491,4.2270193,18.730217,39.206764,27.323872,1.2651819,10.872561,2.569263,-18.081312
492,33.668118,21.773811,38.192547,9.328506,4.38353,11.481106,5.998158,-9.896313
493,5.746265,15.87692,-14.38383,-31.156614,12.391456,2.2728817,3.0347815,6.0696745
494,-76.746124,4.861456,-49.96702,-12.684637,9.717835,-5.4549084,-7.122785,14.793404
495,-85.30633,-2.364421,-16.686142,32.754795,3.5065794,-6.8802376,-8.37696,13.207346
496,4.4220743,-2.423037,32.96818,20.672312,0.52163476,-2.1242995,-3.602453,1.7563585
497,104.42106,2.0852265,24.453634,-31.303198,-1.9438225,1.3701912,-2.2947626,-9.051788
498,152.6045,4.9497294,-31.090244,-35.71343,-0.6487426,-2.5668056,2.1025753,-7.1837506
499,115.56717,2.952886,-56.53193,13.86027,2.1834335,-6.5373425,10.369918,-0.7128581
